{"Mean":{"confidence_interval":{"confidence_level":0.95,"lower_bound":1764.435423312729,"upper_bound":1786.2930438644823},"point_estimate":1774.6140563423985,"standard_error":5.598939774970296},"Median":{"confidence_interval":{"confidence_level":0.95,"lower_bound":1749.2673101730538,"upper_bound":1756.6829736962886},"point_estimate":1752.4897537527409,"standard_error":1.9452025398010993},"MedianAbsDev":{"confidence_interval":{"confidence_level":0.95,"lower_bound":9.080401183087927,"upper_bound":20.089004007375962},"point_estimate":14.354101240075867,"standard_error":2.891790909375296},"Slope":{"confidence_interval":{"confidence_level":0.95,"lower_bound":1757.6812112831549,"upper_bound":1771.28712423529},"point_estimate":1764.0712424559545,"standard_error":3.5044123825256075},"StdDev":{"confidence_interval":{"confidence_level":0.95,"lower_bound":35.680724625853486,"upper_bound":73.47855016966732},"point_estimate":56.10205496156909,"standard_error":9.653381741996975}}