{"Mean":{"confidence_interval":{"confidence_level":0.95,"lower_bound":1769.211952226679,"upper_bound":1790.2581213117414},"point_estimate":1779.1484803976941,"standard_error":5.35157934824404},"Median":{"confidence_interval":{"confidence_level":0.95,"lower_bound":1753.446091499783,"upper_bound":1759.0055999992042},"point_estimate":1754.6864508282122,"standard_error":1.5392804585044981},"MedianAbsDev":{"confidence_interval":{"confidence_level":0.95,"lower_bound":6.476115229619481,"upper_bound":15.519745155833483},"point_estimate":8.966790086742831,"standard_error":2.4311083465526506},"Slope":{"confidence_interval":{"confidence_level":0.95,"lower_bound":1760.3495855055123,"upper_bound":1786.3995164090186},"point_estimate":1771.0011097486954,"standard_error":6.842715855698617},"StdDev":{"confidence_interval":{"confidence_level":0.95,"lower_bound":37.95236416652058,"upper_bound":67.17570980709893},"point_estimate":53.86290213206456,"standard_error":7.457512821029057}}