{"Mean":{"confidence_interval":{"confidence_level":0.95,"lower_bound":14264.466684248306,"upper_bound":14502.647869573713},"point_estimate":14370.387945467226,"standard_error":61.01178229679999},"Median":{"confidence_interval":{"confidence_level":0.95,"lower_bound":14145.999484536082,"upper_bound":14231.570835161621},"point_estimate":14187.380179425838,"standard_error":22.346872429611263},"MedianAbsDev":{"confidence_interval":{"confidence_level":0.95,"lower_bound":110.36207849522701,"upper_bound":201.30790678477618},"point_estimate":156.74466901209823,"standard_error":22.6205000309966},"Slope":{"confidence_interval":{"confidence_level":0.95,"lower_bound":14215.42947017366,"upper_bound":14348.156691240205},"point_estimate":14275.441078272006,"standard_error":34.135681510872594},"StdDev":{"confidence_interval":{"confidence_level":0.95,"lower_bound":276.4237534577556,"upper_bound":893.2908868287452},"point_estimate":613.206644808592,"standard_error":163.02199293389992}}