{"Mean":{"confidence_interval":{"confidence_level":0.95,"lower_bound":132889.32252678284,"upper_bound":134163.4389130547},"point_estimate":133479.21119922504,"standard_error":326.3230383697573},"Median":{"confidence_interval":{"confidence_level":0.95,"lower_bound":132152.59375,"upper_bound":132596.27380952382},"point_estimate":132284.7419051205,"standard_error":133.01313661764593},"MedianAbsDev":{"confidence_interval":{"confidence_level":0.95,"lower_bound":511.39319248415416,"upper_bound":1058.0440063731876},"point_estimate":679.7588504318587,"standard_error":142.72011887539512},"Slope":{"confidence_interval":{"confidence_level":0.95,"lower_bound":132670.04520893135,"upper_bound":133444.49337224304},"point_estimate":133030.76611275307,"standard_error":197.52727120913883},"StdDev":{"confidence_interval":{"confidence_level":0.95,"lower_bound":1991.6024361958653,"upper_bound":4293.4520798745725},"point_estimate":3271.2522093929592,"standard_error":589.032379518279}}