{"Mean":{"confidence_interval":{"confidence_level":0.95,"lower_bound":133791.8291688951,"upper_bound":135023.56943766287},"point_estimate":134372.51470032637,"standard_error":314.09157274036863},"Median":{"confidence_interval":{"confidence_level":0.95,"lower_bound":132851.14182692306,"upper_bound":133379.71875},"point_estimate":133091.75713249517,"standard_error":157.41828549525303},"MedianAbsDev":{"confidence_interval":{"confidence_level":0.95,"lower_bound":735.1908806977466,"upper_bound":1550.9550961733257},"point_estimate":1132.8463077957113,"standard_error":229.1530639463707},"Slope":{"confidence_interval":{"confidence_level":0.95,"lower_bound":133617.194511525,"upper_bound":135377.75377276077},"point_estimate":134420.63048138024,"standard_error":452.32009596246934},"StdDev":{"confidence_interval":{"confidence_level":0.95,"lower_bound":2246.496293412875,"upper_bound":3931.109091747582},"point_estimate":3161.421739538587,"standard_error":432.2810446295596}}