{"Mean":{"confidence_interval":{"confidence_level":0.95,"lower_bound":2539315.5472994954,"upper_bound":2562298.5465230197},"point_estimate":2549968.877293076,"standard_error":5886.343996198691},"Median":{"confidence_interval":{"confidence_level":0.95,"lower_bound":2528212.222222222,"upper_bound":2541384.551048951},"point_estimate":2534230.46409675,"standard_error":3110.889953738764},"MedianAbsDev":{"confidence_interval":{"confidence_level":0.95,"lower_bound":16498.944928676672,"upper_bound":28376.723042870944},"point_estimate":21903.271377532667,"standard_error":2912.7451012462825},"Slope":{"confidence_interval":{"confidence_level":0.95,"lower_bound":2539145.881070436,"upper_bound":2552830.8518217094},"point_estimate":2545410.718433575,"standard_error":3500.911027028763},"StdDev":{"confidence_interval":{"confidence_level":0.95,"lower_bound":36825.57528923637,"upper_bound":77510.83314188372},"point_estimate":59232.087558792846,"standard_error":10375.76092067879}}