{"Mean":{"confidence_interval":{"confidence_level":0.95,"lower_bound":14200.431363590682,"upper_bound":14344.665768665634},"point_estimate":14266.983363856047,"standard_error":36.955194715002634},"Median":{"confidence_interval":{"confidence_level":0.95,"lower_bound":14111.28231292517,"upper_bound":14171.657381748686},"point_estimate":14124.219226509924,"standard_error":14.555645427056284},"MedianAbsDev":{"confidence_interval":{"confidence_level":0.95,"lower_bound":73.49915877420695,"upper_bound":155.09997010742399},"point_estimate":93.4665593575157,"standard_error":18.546213692618277},"Slope":{"confidence_interval":{"confidence_level":0.95,"lower_bound":14149.769390093514,"upper_bound":14285.507382923228},"point_estimate":14210.608636787772,"standard_error":34.914573931137646},"StdDev":{"confidence_interval":{"confidence_level":0.95,"lower_bound":223.21235854351983,"upper_bound":495.41064290358946},"point_estimate":370.98042292664536,"standard_error":69.49933587438386}}