{"Mean":{"confidence_interval":{"confidence_level":0.95,"lower_bound":40024.74543050511,"upper_bound":40809.761666587656},"point_estimate":40352.42229413372,"standard_error":204.59549375584297},"Median":{"confidence_interval":{"confidence_level":0.95,"lower_bound":39822.16507936508,"upper_bound":39992.92473118279},"point_estimate":39881.335804448005,"standard_error":48.89959256983473},"MedianAbsDev":{"confidence_interval":{"confidence_level":0.95,"lower_bound":230.73923215547865,"upper_bound":407.9863226589745},"point_estimate":284.6401931552608,"standard_error":46.25273311878594},"Slope":{"confidence_interval":{"confidence_level":0.95,"lower_bound":39948.93991969205,"upper_bound":40682.99795401674},"point_estimate":40254.33270099291,"standard_error":189.04638724892123},"StdDev":{"confidence_interval":{"confidence_level":0.95,"lower_bound":668.5187230292273,"upper_bound":3263.545753313982},"point_estimate":2052.413379565305,"standard_error":753.9075955118404}}