{"Mean":{"confidence_interval":{"confidence_level":0.95,"lower_bound":382913.660313064,"upper_bound":389663.26722173503},"point_estimate":386077.0720668502,"standard_error":1726.0576717361012},"Median":{"confidence_interval":{"confidence_level":0.95,"lower_bound":379642.51635192375,"upper_bound":385844.39130434784},"point_estimate":382689.3722222222,"standard_error":1195.4536362231188},"MedianAbsDev":{"confidence_interval":{"confidence_level":0.95,"lower_bound":8152.73374233097,"upper_bound":12734.299084443994},"point_estimate":9576.187359988715,"standard_error":1160.0645506378598},"Slope":{"confidence_interval":{"confidence_level":0.95,"lower_bound":383368.51360621816,"upper_bound":390837.6078545376},"point_estimate":386795.66061080736,"standard_error":1908.8412852372123},"StdDev":{"confidence_interval":{"confidence_level":0.95,"lower_bound":11692.015162406584,"upper_bound":23100.807188838407},"point_estimate":17394.86142347581,"standard_error":2979.2053798663965}}