{"Mean":{"confidence_interval":{"confidence_level":0.95,"lower_bound":381990.693350164,"upper_bound":386683.4230349916},"point_estimate":384284.32477316615,"standard_error":1192.1679472547453},"Median":{"confidence_interval":{"confidence_level":0.95,"lower_bound":381001.34057971014,"upper_bound":385507.00753357355},"point_estimate":382538.8278911564,"standard_error":1291.5981500286991},"MedianAbsDev":{"confidence_interval":{"confidence_level":0.95,"lower_bound":6489.61105370761,"upper_bound":10251.241374796233},"point_estimate":8508.85971365899,"standard_error":918.3295376802323},"Slope":{"confidence_interval":{"confidence_level":0.95,"lower_bound":383300.3451873235,"upper_bound":386716.8752557336},"point_estimate":384978.1748820255,"standard_error":874.2090576197227},"StdDev":{"confidence_interval":{"confidence_level":0.95,"lower_bound":9402.251890696572,"upper_bound":14345.093759367399},"point_estimate":12015.589311131649,"standard_error":1262.1185805032728}}