{"Mean":{"confidence_interval":{"confidence_level":0.95,"lower_bound":88916.62598299434,"upper_bound":90199.64106654555},"point_estimate":89502.45348599434,"standard_error":329.1498083090585},"Median":{"confidence_interval":{"confidence_level":0.95,"lower_bound":88443.80608208955,"upper_bound":88844.39222222222},"point_estimate":88678.21703296703,"standard_error":102.85325258258231},"MedianAbsDev":{"confidence_interval":{"confidence_level":0.95,"lower_bound":580.1376746757414,"upper_bound":1666.1231426140782},"point_estimate":1097.3196013520173,"standard_error":295.1017769335467},"Slope":{"confidence_interval":{"confidence_level":0.95,"lower_bound":88545.90635732489,"upper_bound":89198.17943377855},"point_estimate":88862.76343490469,"standard_error":165.67405149679095},"StdDev":{"confidence_interval":{"confidence_level":0.95,"lower_bound":1846.9409031393204,"upper_bound":4553.641995423809},"point_estimate":3310.8446368473606,"standard_error":693.9578964698891}}