{"Mean":{"confidence_interval":{"confidence_level":0.95,"lower_bound":88151.96629866335,"upper_bound":90223.7657994719},"point_estimate":89062.56439068716,"standard_error":534.2813625535043},"Median":{"confidence_interval":{"confidence_level":0.95,"lower_bound":87552.14024390244,"upper_bound":87956.46210739615},"point_estimate":87718.00010757314,"standard_error":92.91684146487441},"MedianAbsDev":{"confidence_interval":{"confidence_level":0.95,"lower_bound":609.0757082253587,"upper_bound":1309.6574309122025},"point_estimate":1017.1184357627716,"standard_error":188.24866942298385},"Slope":{"confidence_interval":{"confidence_level":0.95,"lower_bound":88160.22730538355,"upper_bound":92301.53029134788},"point_estimate":89809.37446519877,"standard_error":1103.054200121655},"StdDev":{"confidence_interval":{"confidence_level":0.95,"lower_bound":2262.353527193435,"upper_bound":8001.581703264104},"point_estimate":5362.200356295921,"standard_error":1514.4454512669092}}