{"Mean":{"confidence_interval":{"confidence_level":0.95,"lower_bound":2552452.4007476442,"upper_bound":2578164.9440924446},"point_estimate":2564517.694668388,"standard_error":6582.931157344835},"Median":{"confidence_interval":{"confidence_level":0.95,"lower_bound":2537046.1359649124,"upper_bound":2549452.4482758623},"point_estimate":2543989.1210106383,"standard_error":3331.8449183772914},"MedianAbsDev":{"confidence_interval":{"confidence_level":0.95,"lower_bound":17599.63717754399,"upper_bound":32558.727223620914},"point_estimate":25259.578953229724,"standard_error":3827.676465727862},"Slope":{"confidence_interval":{"confidence_level":0.95,"lower_bound":2548492.373144462,"upper_bound":2575049.1035485356},"point_estimate":2560606.4739707406,"standard_error":6807.294291608516},"StdDev":{"confidence_interval":{"confidence_level":0.95,"lower_bound":44356.82530943878,"upper_bound":83980.8214663858},"point_estimate":66161.54315017014,"standard_error":10139.05953639906}}