{"Mean":{"confidence_interval":{"confidence_level":0.95,"lower_bound":1323839.0542561093,"upper_bound":1342348.0904564194},"point_estimate":1332256.2205811332,"standard_error":4760.261226846475},"Median":{"confidence_interval":{"confidence_level":0.95,"lower_bound":1312413.3146067415,"upper_bound":1318869.9},"point_estimate":1314506.512043011,"standard_error":1793.9529641488552},"MedianAbsDev":{"confidence_interval":{"confidence_level":0.95,"lower_bound":6126.825219024764,"upper_bound":13223.656649608165},"point_estimate":8524.983115261788,"standard_error":1878.7434752433126},"Slope":{"confidence_interval":{"confidence_level":0.95,"lower_bound":1319477.6835361405,"upper_bound":1344800.0080840685},"point_estimate":1330838.103333826,"standard_error":6481.877565260133},"StdDev":{"confidence_interval":{"confidence_level":0.95,"lower_bound":27903.30339477979,"upper_bound":67072.76050783585},"point_estimate":47932.78250644838,"standard_error":10426.736031300528}}