{"Mean":{"confidence_interval":{"confidence_level":0.95,"lower_bound":1320239.5537538675,"upper_bound":1333685.0783306416},"point_estimate":1326414.9645931192,"standard_error":3446.5274851850263},"Median":{"confidence_interval":{"confidence_level":0.95,"lower_bound":1312158.1795454547,"upper_bound":1317122.3333333335},"point_estimate":1314063.9209677419,"standard_error":1382.03942166211},"MedianAbsDev":{"confidence_interval":{"confidence_level":0.95,"lower_bound":5181.597053462892,"upper_bound":10857.864953047001},"point_estimate":7594.098938592388,"standard_error":1516.7588416523317},"Slope":{"confidence_interval":{"confidence_level":0.95,"lower_bound":1316635.816921761,"upper_bound":1323683.9041295538},"point_estimate":1319897.5598995124,"standard_error":1812.7949357660175},"StdDev":{"confidence_interval":{"confidence_level":0.95,"lower_bound":20947.596424145617,"upper_bound":45637.446143593756},"point_estimate":34611.72483661604,"standard_error":6319.234744127437}}