{"Mean":{"confidence_interval":{"confidence_level":0.95,"lower_bound":39729.085145755605,"upper_bound":40205.155455772925},"point_estimate":39942.321242624654,"standard_error":122.10213319549301},"Median":{"confidence_interval":{"confidence_level":0.95,"lower_bound":39520.14835164836,"upper_bound":39642.56},"point_estimate":39572.75272727273,"standard_error":28.58491314619894},"MedianAbsDev":{"confidence_interval":{"confidence_level":0.95,"lower_bound":152.5243686409856,"upper_bound":267.1353544733232},"point_estimate":193.83909826598045,"standard_error":29.370563882476855},"Slope":{"confidence_interval":{"confidence_level":0.95,"lower_bound":39694.776851408446,"upper_bound":40197.2059305254},"point_estimate":39922.89253423969,"standard_error":129.05778897489012},"StdDev":{"confidence_interval":{"confidence_level":0.95,"lower_bound":643.8821710037403,"upper_bound":1785.9933493500664},"point_estimate":1229.872202756081,"standard_error":310.2745433678464}}